[
    {
        "25%": "0.0655",
        "50%": "0.0655",
        "75%": "0.0655",
        "IV": "0.0064",
        "Nan Count": "63640",
        "Nan Rate": "0.8659",
        "PSI": "0.0749",
        "Variables": "v551",
        "WOE_shape": "NAN",
        "default_mean": "0.0643",
        "default_std": "0.0199",
        "max": "1.2477",
        "mean": "0.0655",
        "min": "0.0051",
        "normal_mean": "0.0655",
        "normal_std": "0.0291",
        "std": "0.0289"
    },
    {
        "25%": "3.8344",
        "50%": "3.8344",
        "75%": "3.8344",
        "IV": "0.0125",
        "Nan Count": "65586",
        "Nan Rate": "0.8923",
        "PSI": "0.1741",
        "Variables": "v503",
        "WOE_shape": "NAN",
        "default_mean": "3.8456",
        "default_std": "0.3613",
        "max": "4.9698",
        "mean": "3.8344",
        "min": "0.0",
        "normal_mean": "3.8341",
        "normal_std": "0.4221",
        "std": "0.4209"
    },
    {
        "25%": "0.0683",
        "50%": "0.0683",
        "75%": "0.0683",
        "IV": "0.0077",
        "Nan Count": "59136",
        "Nan Rate": "0.8046",
        "PSI": "0.1115",
        "Variables": "v856",
        "WOE_shape": "NAN",
        "default_mean": "0.0684",
        "default_std": "0.0528",
        "max": "0.9704",
        "mean": "0.0683",
        "min": "0.0002",
        "normal_mean": "0.0683",
        "normal_std": "0.0595",
        "std": "0.0593"
    },
    {
        "25%": "0.091",
        "50%": "0.091",
        "75%": "0.091",
        "IV": "0.0088",
        "Nan Count": "61894",
        "Nan Rate": "0.8421",
        "PSI": "0.0969",
        "Variables": "v447",
        "WOE_shape": "NAN",
        "default_mean": "0.0913",
        "default_std": "0.0328",
        "max": "0.6931",
        "mean": "0.091",
        "min": "0.0",
        "normal_mean": "0.091",
        "normal_std": "0.0314",
        "std": "0.0315"
    },
    {
        "25%": "0.033",
        "50%": "0.033",
        "75%": "0.033",
        "IV": "0.0052",
        "Nan Count": "56940",
        "Nan Rate": "0.7747",
        "PSI": "0.1395",
        "Variables": "v388",
        "WOE_shape": "NAN",
        "default_mean": "0.0335",
        "default_std": "0.0542",
        "max": "1.1784",
        "mean": "0.033",
        "min": "0.0001",
        "normal_mean": "0.033",
        "normal_std": "0.045",
        "std": "0.0452"
    },
    {
        "25%": "1.1191",
        "50%": "1.1191",
        "75%": "1.1191",
        "IV": "0.0053",
        "Nan Count": "65552",
        "Nan Rate": "0.8919",
        "PSI": "0.0551",
        "Variables": "v959",
        "WOE_shape": "NAN",
        "default_mean": "1.1286",
        "default_std": "0.2467",
        "max": "3.129",
        "mean": "1.1191",
        "min": "0.4159",
        "normal_mean": "1.1189",
        "normal_std": "0.248",
        "std": "0.2479"
    },
    {
        "25%": "0.0291",
        "50%": "0.0291",
        "75%": "0.0291",
        "IV": "0.0055",
        "Nan Count": "63640",
        "Nan Rate": "0.8659",
        "PSI": "0.075",
        "Variables": "v537",
        "WOE_shape": "NAN",
        "default_mean": "0.0292",
        "default_std": "0.0259",
        "max": "1.109",
        "mean": "0.0291",
        "min": "0.0001",
        "normal_mean": "0.0291",
        "normal_std": "0.0322",
        "std": "0.0321"
    },
    {
        "25%": "2.28",
        "50%": "2.28",
        "75%": "2.28",
        "IV": "0.011",
        "Nan Count": "62990",
        "Nan Rate": "0.857",
        "PSI": "0.0749",
        "Variables": "v616",
        "WOE_shape": "NAN",
        "default_mean": "2.2639",
        "default_std": "0.6703",
        "max": "8.6289",
        "mean": "2.28",
        "min": "0.0",
        "normal_mean": "2.2804",
        "normal_std": "0.7205",
        "std": "0.7195"
    },
    {
        "25%": "0.0",
        "50%": "0.0",
        "75%": "0.0",
        "IV": "0.0129",
        "Nan Count": "16997",
        "Nan Rate": "0.2313",
        "PSI": "0.2111",
        "Variables": "v510",
        "WOE_shape": "NAN",
        "default_mean": "0.2191",
        "default_std": "0.6351",
        "max": "15.0",
        "mean": "0.2778",
        "min": "0.0",
        "normal_mean": "0.279",
        "normal_std": "0.7057",
        "std": "0.7043"
    },
    {
        "25%": "0.2301",
        "50%": "0.246",
        "75%": "0.246",
        "IV": "0.0256",
        "Nan Count": "40249",
        "Nan Rate": "0.5476",
        "PSI": "0.1466",
        "Variables": "v453",
        "WOE_shape": "NAN",
        "default_mean": "0.2437",
        "default_std": "0.0647",
        "max": "0.5545",
        "mean": "0.246",
        "min": "0.0",
        "normal_mean": "0.246",
        "normal_std": "0.0688",
        "std": "0.0687"
    },
    {
        "25%": "0.0",
        "50%": "0.0",
        "75%": "0.0",
        "IV": "0.0104",
        "Nan Count": "16997",
        "Nan Rate": "0.2313",
        "PSI": "0.1386",
        "Variables": "v048",
        "WOE_shape": "None",
        "default_mean": "0.0739",
        "default_std": "0.3598",
        "max": "11.0",
        "mean": "0.0611",
        "min": "0.0",
        "normal_mean": "0.0608",
        "normal_std": "0.2919",
        "std": "0.2935"
    },
    {
        "25%": "0.0",
        "50%": "0.0",
        "75%": "0.0",
        "IV": "0.0065",
        "Nan Count": "16997",
        "Nan Rate": "0.2313",
        "PSI": "0.2204",
        "Variables": "v827",
        "WOE_shape": "NAN",
        "default_mean": "0.0078",
        "default_std": "0.0879",
        "max": "3.0",
        "mean": "0.0087",
        "min": "0.0",
        "normal_mean": "0.0087",
        "normal_std": "0.0938",
        "std": "0.0937"
    },
    {
        "25%": "0.031",
        "50%": "0.031",
        "75%": "0.031",
        "IV": "0.0052",
        "Nan Count": "65586",
        "Nan Rate": "0.8923",
        "PSI": "0.0581",
        "Variables": "v538",
        "WOE_shape": "NAN",
        "default_mean": "0.0307",
        "default_std": "0.0092",
        "max": "0.6238",
        "mean": "0.031",
        "min": "0.0025",
        "normal_mean": "0.031",
        "normal_std": "0.0127",
        "std": "0.0126"
    },
    {
        "25%": "0.0",
        "50%": "0.0",
        "75%": "0.0",
        "IV": "0.0066",
        "Nan Count": "16997",
        "Nan Rate": "0.2313",
        "PSI": "0.1901",
        "Variables": "v505",
        "WOE_shape": "NAN",
        "default_mean": "0.0013",
        "default_std": "0.036",
        "max": "2.0",
        "mean": "0.001",
        "min": "0.0",
        "normal_mean": "0.001",
        "normal_std": "0.0318",
        "std": "0.0319"
    },
    {
        "25%": "0.0676",
        "50%": "0.0676",
        "75%": "0.0676",
        "IV": "0.0072",
        "Nan Count": "61145",
        "Nan Rate": "0.8319",
        "PSI": "0.0904",
        "Variables": "v383",
        "WOE_shape": "NAN",
        "default_mean": "0.0653",
        "default_std": "0.0334",
        "max": "1.109",
        "mean": "0.0676",
        "min": "0.0",
        "normal_mean": "0.0676",
        "normal_std": "0.0438",
        "std": "0.0436"
    },
    {
        "25%": "0.1035",
        "50%": "0.1035",
        "75%": "0.1035",
        "IV": "0.007",
        "Nan Count": "60491",
        "Nan Rate": "0.823",
        "PSI": "0.0945",
        "Variables": "v100",
        "WOE_shape": "Up",
        "default_mean": "0.1017",
        "default_std": "0.0427",
        "max": "1.317",
        "mean": "0.1035",
        "min": "0.0",
        "normal_mean": "0.1035",
        "normal_std": "0.0495",
        "std": "0.0493"
    },
    {
        "25%": "0.0666",
        "50%": "0.0666",
        "75%": "0.0666",
        "IV": "0.0051",
        "Nan Count": "59136",
        "Nan Rate": "0.8046",
        "PSI": "0.1118",
        "Variables": "v567",
        "WOE_shape": "NAN",
        "default_mean": "0.0665",
        "default_std": "0.0259",
        "max": "0.4159",
        "mean": "0.0666",
        "min": "0.0059",
        "normal_mean": "0.0666",
        "normal_std": "0.028",
        "std": "0.0279"
    },
    {
        "25%": "0.186",
        "50%": "0.186",
        "75%": "0.186",
        "IV": "0.0077",
        "Nan Count": "65572",
        "Nan Rate": "0.8921",
        "PSI": "0.0548",
        "Variables": "v019",
        "WOE_shape": "None",
        "default_mean": "0.1866",
        "default_std": "0.0255",
        "max": "0.6931",
        "mean": "0.186",
        "min": "0.0",
        "normal_mean": "0.1859",
        "normal_std": "0.0289",
        "std": "0.0288"
    },
    {
        "25%": "4.5889",
        "50%": "4.5889",
        "75%": "4.5889",
        "IV": "0.005",
        "Nan Count": "56665",
        "Nan Rate": "0.771",
        "PSI": "0.1299",
        "Variables": "v574",
        "WOE_shape": "NAN",
        "default_mean": "4.5855",
        "default_std": "1.2105",
        "max": "8.1392",
        "mean": "4.5889",
        "min": "0.0",
        "normal_mean": "4.5889",
        "normal_std": "1.2225",
        "std": "1.2223"
    },
    {
        "25%": "0.4272",
        "50%": "0.4272",
        "75%": "0.4852",
        "IV": "0.0065",
        "Nan Count": "39463",
        "Nan Rate": "0.5369",
        "PSI": "0.1139",
        "Variables": "v530",
        "WOE_shape": "NAN",
        "default_mean": "0.43",
        "default_std": "0.2296",
        "max": "3.118",
        "mean": "0.4272",
        "min": "0.0",
        "normal_mean": "0.4271",
        "normal_std": "0.2234",
        "std": "0.2235"
    },
    {
        "25%": "3.8265",
        "50%": "3.8265",
        "75%": "3.8265",
        "IV": "0.0059",
        "Nan Count": "51173",
        "Nan Rate": "0.6962",
        "PSI": "0.1764",
        "Variables": "v872",
        "WOE_shape": "NAN",
        "default_mean": "3.8127",
        "default_std": "1.1255",
        "max": "10.343",
        "mean": "3.8265",
        "min": "0.9011",
        "normal_mean": "3.8268",
        "normal_std": "1.2054",
        "std": "1.2038"
    },
    {
        "25%": "0.1073",
        "50%": "0.1073",
        "75%": "0.1073",
        "IV": "0.0061",
        "Nan Count": "63651",
        "Nan Rate": "0.866",
        "PSI": "0.0744",
        "Variables": "v741",
        "WOE_shape": "NAN",
        "default_mean": "0.1067",
        "default_std": "0.0177",
        "max": "0.9704",
        "mean": "0.1073",
        "min": "0.0",
        "normal_mean": "0.1073",
        "normal_std": "0.0243",
        "std": "0.0242"
    },
    {
        "25%": "1.9705",
        "50%": "1.9705",
        "75%": "1.9705",
        "IV": "0.0064",
        "Nan Count": "52566",
        "Nan Rate": "0.7152",
        "PSI": "0.1679",
        "Variables": "v022",
        "WOE_shape": "Up",
        "default_mean": "1.9648",
        "default_std": "0.6523",
        "max": "5.3099",
        "mean": "1.9705",
        "min": "0.6238",
        "normal_mean": "1.9706",
        "normal_std": "0.6514",
        "std": "0.6514"
    },
    {
        "25%": "0.1367",
        "50%": "0.1367",
        "75%": "0.1367",
        "IV": "0.0097",
        "Nan Count": "59947",
        "Nan Rate": "0.8156",
        "PSI": "0.0987",
        "Variables": "v875",
        "WOE_shape": "NAN",
        "default_mean": "0.1347",
        "default_std": "0.0294",
        "max": "1.317",
        "mean": "0.1367",
        "min": "0.0165",
        "normal_mean": "0.1368",
        "normal_std": "0.0373",
        "std": "0.0372"
    },
    {
        "25%": "0.0564",
        "50%": "0.0697",
        "75%": "0.0697",
        "IV": "0.0056",
        "Nan Count": "44071",
        "Nan Rate": "0.5996",
        "PSI": "0.2367",
        "Variables": "v354",
        "WOE_shape": "NAN",
        "default_mean": "0.0686",
        "default_std": "0.0566",
        "max": "0.4852",
        "mean": "0.0697",
        "min": "0.0005",
        "normal_mean": "0.0698",
        "normal_std": "0.0573",
        "std": "0.0573"
    },
    {
        "25%": "0.0",
        "50%": "0.0",
        "75%": "0.0",
        "IV": "0.0105",
        "Nan Count": "16997",
        "Nan Rate": "0.2313",
        "PSI": "0.2351",
        "Variables": "v912",
        "WOE_shape": "NAN",
        "default_mean": "0.2625",
        "default_std": "0.8215",
        "max": "25.0",
        "mean": "0.2835",
        "min": "0.0",
        "normal_mean": "0.2839",
        "normal_std": "0.8339",
        "std": "0.8337"
    },
    {
        "25%": "0.0",
        "50%": "0.0",
        "75%": "0.0",
        "IV": "0.0058",
        "Nan Count": "39118",
        "Nan Rate": "0.5322",
        "PSI": "0.2195",
        "Variables": "v271",
        "WOE_shape": "NAN",
        "default_mean": "0.0214",
        "default_std": "0.1534",
        "max": "7.0",
        "mean": "0.0184",
        "min": "0.0",
        "normal_mean": "0.0184",
        "normal_std": "0.1626",
        "std": "0.1624"
    },
    {
        "25%": "0.0",
        "50%": "0.0",
        "75%": "0.0",
        "IV": "0.0222",
        "Nan Count": "14095",
        "Nan Rate": "0.1918",
        "PSI": "0.2144",
        "Variables": "v669",
        "WOE_shape": "NAN",
        "default_mean": "0.0",
        "default_std": "0.0",
        "max": "0.0",
        "mean": "0.0",
        "min": "0.0",
        "normal_mean": "0.0",
        "normal_std": "0.0",
        "std": "0.0"
    },
    {
        "25%": "2.0",
        "50%": "2.0",
        "75%": "3.0",
        "IV": "0.007",
        "Nan Count": "25564",
        "Nan Rate": "0.3478",
        "PSI": "0.116",
        "Variables": "v366",
        "WOE_shape": "NAN",
        "default_mean": "2.6053",
        "default_std": "1.3549",
        "max": "5.0",
        "mean": "2.5136",
        "min": "0.0",
        "normal_mean": "2.5116",
        "normal_std": "1.3305",
        "std": "1.331"
    },
    {
        "25%": "0.0204",
        "50%": "0.0204",
        "75%": "0.0204",
        "IV": "0.0066",
        "Nan Count": "62990",
        "Nan Rate": "0.857",
        "PSI": "0.0753",
        "Variables": "v909",
        "WOE_shape": "NAN",
        "default_mean": "0.0201",
        "default_std": "0.0309",
        "max": "0.7987",
        "mean": "0.0204",
        "min": "0.0",
        "normal_mean": "0.0204",
        "normal_std": "0.0346",
        "std": "0.0346"
    },
    {
        "25%": "0.0",
        "50%": "0.0",
        "75%": "0.0",
        "IV": "0.0107",
        "Nan Count": "39118",
        "Nan Rate": "0.5322",
        "PSI": "0.1782",
        "Variables": "v410",
        "WOE_shape": "NAN",
        "default_mean": "0.0331",
        "default_std": "0.1824",
        "max": "3.0",
        "mean": "0.0544",
        "min": "0.0",
        "normal_mean": "0.0548",
        "normal_std": "0.2385",
        "std": "0.2375"
    },
    {
        "25%": "0.0",
        "50%": "0.0",
        "75%": "0.0",
        "IV": "0.017",
        "Nan Count": "39118",
        "Nan Rate": "0.5322",
        "PSI": "0.2185",
        "Variables": "v306",
        "WOE_shape": "NAN",
        "default_mean": "0.0441",
        "default_std": "0.3231",
        "max": "15.0",
        "mean": "0.085",
        "min": "0.0",
        "normal_mean": "0.0859",
        "normal_std": "0.5035",
        "std": "0.5004"
    },
    {
        "25%": "1.7578",
        "50%": "1.9183",
        "75%": "2.052",
        "IV": "0.0162",
        "Nan Count": "13923",
        "Nan Rate": "0.1894",
        "PSI": "0.22",
        "Variables": "v399",
        "WOE_shape": "NAN",
        "default_mean": "1.7642",
        "default_std": "0.3675",
        "max": "2.052",
        "mean": "1.7809",
        "min": "0.5545",
        "normal_mean": "1.7813",
        "normal_std": "0.362",
        "std": "0.3622"
    },
    {
        "25%": "0.0",
        "50%": "0.0",
        "75%": "0.0",
        "IV": "0.01",
        "Nan Count": "16997",
        "Nan Rate": "0.2313",
        "PSI": "0.1175",
        "Variables": "v896",
        "WOE_shape": "NAN",
        "default_mean": "0.243",
        "default_std": "0.5389",
        "max": "9.0",
        "mean": "0.2427",
        "min": "0.0",
        "normal_mean": "0.2427",
        "normal_std": "0.537",
        "std": "0.5371"
    },
    {
        "25%": "1.3881",
        "50%": "1.3881",
        "75%": "1.3881",
        "IV": "0.0114",
        "Nan Count": "56940",
        "Nan Rate": "0.7747",
        "PSI": "0.1776",
        "Variables": "v394",
        "WOE_shape": "NAN",
        "default_mean": "1.3966",
        "default_std": "0.2055",
        "max": "1.7394",
        "mean": "1.3881",
        "min": "0.0",
        "normal_mean": "1.3879",
        "normal_std": "0.2248",
        "std": "0.2244"
    },
    {
        "25%": "0.4148",
        "50%": "0.4148",
        "75%": "0.4148",
        "IV": "0.0098",
        "Nan Count": "44366",
        "Nan Rate": "0.6036",
        "PSI": "0.2347",
        "Variables": "v362",
        "WOE_shape": "NAN",
        "default_mean": "0.4079",
        "default_std": "0.1643",
        "max": "0.8318",
        "mean": "0.4148",
        "min": "0.0",
        "normal_mean": "0.415",
        "normal_std": "0.1743",
        "std": "0.1741"
    },
    {
        "25%": "0.0",
        "50%": "0.0",
        "75%": "1.0",
        "IV": "0.0322",
        "Nan Count": "15323",
        "Nan Rate": "0.2085",
        "PSI": "0.1987",
        "Variables": "v490",
        "WOE_shape": "NAN",
        "default_mean": "0.536",
        "default_std": "1.0982",
        "max": "13.0",
        "mean": "0.7603",
        "min": "0.0",
        "normal_mean": "0.7651",
        "normal_std": "1.3336",
        "std": "1.3295"
    },
    {
        "25%": "1.9881",
        "50%": "1.9881",
        "75%": "1.9881",
        "IV": "0.0057",
        "Nan Count": "62990",
        "Nan Rate": "0.857",
        "PSI": "0.2138",
        "Variables": "v328",
        "WOE_shape": "NAN",
        "default_mean": "1.9841",
        "default_std": "0.2415",
        "max": "4.0465",
        "mean": "1.9881",
        "min": "0.9704",
        "normal_mean": "1.9881",
        "normal_std": "0.2696",
        "std": "0.269"
    },
    {
        "25%": "1.1266",
        "50%": "1.282",
        "75%": "1.5381",
        "IV": "0.0146",
        "Nan Count": "25677",
        "Nan Rate": "0.3493",
        "PSI": "0.1976",
        "Variables": "v312",
        "WOE_shape": "NAN",
        "default_mean": "1.2805",
        "default_std": "0.3534",
        "max": "1.7955",
        "mean": "1.282",
        "min": "0.4852",
        "normal_mean": "1.282",
        "normal_std": "0.3633",
        "std": "0.3631"
    },
    {
        "25%": "0.0",
        "50%": "0.0",
        "75%": "0.0",
        "IV": "0.0137",
        "Nan Count": "14095",
        "Nan Rate": "0.1918",
        "PSI": "0.1944",
        "Variables": "v890",
        "WOE_shape": "NAN",
        "default_mean": "0.0084",
        "default_std": "0.1369",
        "max": "47.0",
        "mean": "0.008",
        "min": "0.0",
        "normal_mean": "0.008",
        "normal_std": "0.2664",
        "std": "0.2644"
    },
    {
        "25%": "1.6563",
        "50%": "1.6563",
        "75%": "1.6563",
        "IV": "0.0148",
        "Nan Count": "39463",
        "Nan Rate": "0.5369",
        "PSI": "0.1261",
        "Variables": "v509",
        "WOE_shape": "NAN",
        "default_mean": "1.6767",
        "default_std": "0.4319",
        "max": "8.2748",
        "mean": "1.6563",
        "min": "1.1784",
        "normal_mean": "1.6559",
        "normal_std": "0.3967",
        "std": "0.3975"
    },
    {
        "25%": "0.1142",
        "50%": "0.1142",
        "75%": "0.1142",
        "IV": "0.0195",
        "Nan Count": "46585",
        "Nan Rate": "0.6338",
        "PSI": "0.1877",
        "Variables": "v442",
        "WOE_shape": "NAN",
        "default_mean": "0.112",
        "default_std": "0.0342",
        "max": "0.8318",
        "mean": "0.1142",
        "min": "0.001",
        "normal_mean": "0.1143",
        "normal_std": "0.0371",
        "std": "0.0371"
    },
    {
        "25%": "0.0",
        "50%": "0.0",
        "75%": "0.0",
        "IV": "0.01",
        "Nan Count": "39118",
        "Nan Rate": "0.5322",
        "PSI": "0.1224",
        "Variables": "v036",
        "WOE_shape": "None",
        "default_mean": "0.0668",
        "default_std": "0.388",
        "max": "8.0",
        "mean": "0.0525",
        "min": "0.0",
        "normal_mean": "0.0522",
        "normal_std": "0.2949",
        "std": "0.2971"
    },
    {
        "25%": "1.7448",
        "50%": "1.7448",
        "75%": "1.7448",
        "IV": "0.0063",
        "Nan Count": "53884",
        "Nan Rate": "0.7331",
        "PSI": "0.1012",
        "Variables": "v646",
        "WOE_shape": "NAN",
        "default_mean": "1.7323",
        "default_std": "0.6124",
        "max": "3.308",
        "mean": "1.7448",
        "min": "0.0",
        "normal_mean": "1.7451",
        "normal_std": "0.6197",
        "std": "0.6195"
    },
    {
        "25%": "1.2917",
        "50%": "1.2917",
        "75%": "1.2917",
        "IV": "0.0057",
        "Nan Count": "65811",
        "Nan Rate": "0.8954",
        "PSI": "0.202",
        "Variables": "v215",
        "WOE_shape": "NAN",
        "default_mean": "1.286",
        "default_std": "0.1606",
        "max": "3.4959",
        "mean": "1.2917",
        "min": "0.7625",
        "normal_mean": "1.2919",
        "normal_std": "0.1721",
        "std": "0.1719"
    },
    {
        "25%": "1.3774",
        "50%": "1.3774",
        "75%": "1.3774",
        "IV": "0.0062",
        "Nan Count": "44071",
        "Nan Rate": "0.5996",
        "PSI": "0.2371",
        "Variables": "v978",
        "WOE_shape": "NAN",
        "default_mean": "1.362",
        "default_std": "0.7166",
        "max": "4.4118",
        "mean": "1.3774",
        "min": "0.0",
        "normal_mean": "1.3777",
        "normal_std": "0.7215",
        "std": "0.7214"
    },
    {
        "25%": "0.0",
        "50%": "0.0",
        "75%": "0.0",
        "IV": "0.0128",
        "Nan Count": "16997",
        "Nan Rate": "0.2313",
        "PSI": "0.2481",
        "Variables": "v372",
        "WOE_shape": "NAN",
        "default_mean": "0.0493",
        "default_std": "0.2722",
        "max": "5.0",
        "mean": "0.0398",
        "min": "0.0",
        "normal_mean": "0.0396",
        "normal_std": "0.2227",
        "std": "0.2239"
    },
    {
        "25%": "0.0815",
        "50%": "0.0815",
        "75%": "0.0815",
        "IV": "0.0055",
        "Nan Count": "59817",
        "Nan Rate": "0.8138",
        "PSI": "0.112",
        "Variables": "v671",
        "WOE_shape": "NAN",
        "default_mean": "0.0819",
        "default_std": "0.0319",
        "max": "0.3466",
        "mean": "0.0815",
        "min": "0.0",
        "normal_mean": "0.0815",
        "normal_std": "0.0334",
        "std": "0.0334"
    },
    {
        "25%": "0.0",
        "50%": "0.0",
        "75%": "0.0",
        "IV": "0.0172",
        "Nan Count": "16997",
        "Nan Rate": "0.2313",
        "PSI": "0.2193",
        "Variables": "v770",
        "WOE_shape": "NAN",
        "default_mean": "0.1134",
        "default_std": "0.4036",
        "max": "13.0",
        "mean": "0.0914",
        "min": "0.0",
        "normal_mean": "0.0909",
        "normal_std": "0.3497",
        "std": "0.3509"
    },
    {
        "25%": "1.7325",
        "50%": "1.7325",
        "75%": "1.7325",
        "IV": "0.0139",
        "Nan Count": "64900",
        "Nan Rate": "0.883",
        "PSI": "0.1079",
        "Variables": "v161",
        "WOE_shape": "NAN",
        "default_mean": "1.7317",
        "default_std": "0.1936",
        "max": "2.0874",
        "mean": "1.7325",
        "min": "0.0",
        "normal_mean": "1.7325",
        "normal_std": "0.2308",
        "std": "0.2301"
    },
    {
        "25%": "0.8632",
        "50%": "0.8632",
        "75%": "0.8632",
        "IV": "0.0057",
        "Nan Count": "61842",
        "Nan Rate": "0.8414",
        "PSI": "0.1206",
        "Variables": "v214",
        "WOE_shape": "NAN",
        "default_mean": "0.8641",
        "default_std": "0.0476",
        "max": "2.4179",
        "mean": "0.8632",
        "min": "0.8318",
        "normal_mean": "0.8632",
        "normal_std": "0.0428",
        "std": "0.0429"
    },
    {
        "25%": "0.5177",
        "50%": "0.5177",
        "75%": "0.5177",
        "IV": "0.0053",
        "Nan Count": "51606",
        "Nan Rate": "0.7021",
        "PSI": "0.1722",
        "Variables": "v097",
        "WOE_shape": "None",
        "default_mean": "0.5168",
        "default_std": "0.1691",
        "max": "0.9704",
        "mean": "0.5177",
        "min": "0.0",
        "normal_mean": "0.5178",
        "normal_std": "0.1762",
        "std": "0.176"
    },
    {
        "25%": "0.0",
        "50%": "0.0",
        "75%": "0.0",
        "IV": "0.0075",
        "Nan Count": "16997",
        "Nan Rate": "0.2313",
        "PSI": "0.1063",
        "Variables": "v334",
        "WOE_shape": "NAN",
        "default_mean": "0.138",
        "default_std": "0.3506",
        "max": "3.0",
        "mean": "0.1622",
        "min": "0.0",
        "normal_mean": "0.1628",
        "normal_std": "0.3781",
        "std": "0.3776"
    },
    {
        "25%": "0.0",
        "50%": "0.0",
        "75%": "0.0",
        "IV": "0.0077",
        "Nan Count": "16997",
        "Nan Rate": "0.2313",
        "PSI": "0.2297",
        "Variables": "v096",
        "WOE_shape": "Down",
        "default_mean": "0.1465",
        "default_std": "0.4548",
        "max": "8.0",
        "mean": "0.1502",
        "min": "0.0",
        "normal_mean": "0.1503",
        "normal_std": "0.478",
        "std": "0.4776"
    },
    {
        "25%": "2.0617",
        "50%": "2.0617",
        "75%": "2.0617",
        "IV": "0.008",
        "Nan Count": "59558",
        "Nan Rate": "0.8103",
        "PSI": "0.1049",
        "Variables": "v897",
        "WOE_shape": "NAN",
        "default_mean": "2.0495",
        "default_std": "0.7152",
        "max": "7.4783",
        "mean": "2.0617",
        "min": "0.0",
        "normal_mean": "2.062",
        "normal_std": "0.7613",
        "std": "0.7603"
    },
    {
        "25%": "0.0752",
        "50%": "0.0752",
        "75%": "0.0752",
        "IV": "0.0076",
        "Nan Count": "63640",
        "Nan Rate": "0.8659",
        "PSI": "0.0739",
        "Variables": "v315",
        "WOE_shape": "NAN",
        "default_mean": "0.0743",
        "default_std": "0.0131",
        "max": "0.8318",
        "mean": "0.0752",
        "min": "0.0072",
        "normal_mean": "0.0752",
        "normal_std": "0.0169",
        "std": "0.0168"
    },
    {
        "25%": "0.1968",
        "50%": "0.1968",
        "75%": "0.1968",
        "IV": "0.0137",
        "Nan Count": "63011",
        "Nan Rate": "0.8573",
        "PSI": "0.0732",
        "Variables": "v037",
        "WOE_shape": "None",
        "default_mean": "0.1962",
        "default_std": "0.0516",
        "max": "1.1784",
        "mean": "0.1968",
        "min": "0.0",
        "normal_mean": "0.1968",
        "normal_std": "0.0596",
        "std": "0.0595"
    },
    {
        "25%": "0.0",
        "50%": "0.0",
        "75%": "0.0",
        "IV": "0.0137",
        "Nan Count": "14095",
        "Nan Rate": "0.1918",
        "PSI": "0.1769",
        "Variables": "v216",
        "WOE_shape": "NAN",
        "default_mean": "0.0447",
        "default_std": "0.2441",
        "max": "55.0",
        "mean": "0.0465",
        "min": "0.0",
        "normal_mean": "0.0466",
        "normal_std": "0.3636",
        "std": "0.3615"
    },
    {
        "25%": "0.1566",
        "50%": "0.1566",
        "75%": "0.1566",
        "IV": "0.0057",
        "Nan Count": "65552",
        "Nan Rate": "0.8919",
        "PSI": "0.0549",
        "Variables": "v450",
        "WOE_shape": "NAN",
        "default_mean": "0.157",
        "default_std": "0.0595",
        "max": "0.7589",
        "mean": "0.1566",
        "min": "0.0",
        "normal_mean": "0.1566",
        "normal_std": "0.0625",
        "std": "0.0625"
    },
    {
        "25%": "0.0",
        "50%": "0.0",
        "75%": "0.0",
        "IV": "0.0123",
        "Nan Count": "16997",
        "Nan Rate": "0.2313",
        "PSI": "0.1824",
        "Variables": "v157",
        "WOE_shape": "NAN",
        "default_mean": "0.0674",
        "default_std": "0.3369",
        "max": "10.0",
        "mean": "0.0553",
        "min": "0.0",
        "normal_mean": "0.055",
        "normal_std": "0.2705",
        "std": "0.2721"
    },
    {
        "25%": "0.0415",
        "50%": "0.0415",
        "75%": "0.0415",
        "IV": "0.0059",
        "Nan Count": "52566",
        "Nan Rate": "0.7152",
        "PSI": "0.1673",
        "Variables": "v995",
        "WOE_shape": "NAN",
        "default_mean": "0.0418",
        "default_std": "0.0347",
        "max": "0.4852",
        "mean": "0.0415",
        "min": "0.0007",
        "normal_mean": "0.0415",
        "normal_std": "0.0337",
        "std": "0.0338"
    },
    {
        "25%": "0.0",
        "50%": "1.0",
        "75%": "2.0",
        "IV": "0.0223",
        "Nan Count": "16997",
        "Nan Rate": "0.2313",
        "PSI": "0.1607",
        "Variables": "v691",
        "WOE_shape": "NAN",
        "default_mean": "1.2813",
        "default_std": "1.8637",
        "max": "30.0",
        "mean": "1.2789",
        "min": "0.0",
        "normal_mean": "1.2789",
        "normal_std": "1.7818",
        "std": "1.7836"
    },
    {
        "25%": "0.0585",
        "50%": "0.0585",
        "75%": "0.0585",
        "IV": "0.0064",
        "Nan Count": "59947",
        "Nan Rate": "0.8156",
        "PSI": "0.099",
        "Variables": "v309",
        "WOE_shape": "NAN",
        "default_mean": "0.0572",
        "default_std": "0.0206",
        "max": "0.9011",
        "mean": "0.0585",
        "min": "0.0037",
        "normal_mean": "0.0585",
        "normal_std": "0.0302",
        "std": "0.0301"
    },
    {
        "25%": "4.0146",
        "50%": "4.0146",
        "75%": "4.0146",
        "IV": "0.0083",
        "Nan Count": "59947",
        "Nan Rate": "0.8156",
        "PSI": "0.0992",
        "Variables": "v502",
        "WOE_shape": "NAN",
        "default_mean": "4.0278",
        "default_std": "0.5463",
        "max": "5.3099",
        "mean": "4.0146",
        "min": "0.0",
        "normal_mean": "4.0143",
        "normal_std": "0.567",
        "std": "0.5666"
    },
    {
        "25%": "0.0",
        "50%": "0.0",
        "75%": "0.0",
        "IV": "0.0184",
        "Nan Count": "39118",
        "Nan Rate": "0.5322",
        "PSI": "0.1957",
        "Variables": "v110",
        "WOE_shape": "None",
        "default_mean": "0.092",
        "default_std": "0.3969",
        "max": "12.0",
        "mean": "0.1405",
        "min": "0.0",
        "normal_mean": "0.1416",
        "normal_std": "0.4798",
        "std": "0.4783"
    },
    {
        "25%": "3.3243",
        "50%": "3.3243",
        "75%": "3.3243",
        "IV": "0.0073",
        "Nan Count": "62990",
        "Nan Rate": "0.857",
        "PSI": "0.075",
        "Variables": "v134",
        "WOE_shape": "None",
        "default_mean": "3.3566",
        "default_std": "0.6592",
        "max": "6.2579",
        "mean": "3.3243",
        "min": "0.0",
        "normal_mean": "3.3236",
        "normal_std": "0.7291",
        "std": "0.7277"
    },
    {
        "25%": "0.2095",
        "50%": "0.2095",
        "75%": "0.2095",
        "IV": "0.0144",
        "Nan Count": "64959",
        "Nan Rate": "0.8838",
        "PSI": "0.0599",
        "Variables": "v820",
        "WOE_shape": "NAN",
        "default_mean": "0.2076",
        "default_std": "0.0458",
        "max": "1.0397",
        "mean": "0.2095",
        "min": "0.0",
        "normal_mean": "0.2096",
        "normal_std": "0.0584",
        "std": "0.0582"
    },
    {
        "25%": "2.496",
        "50%": "2.6377",
        "75%": "2.8214",
        "IV": "0.0168",
        "Nan Count": "13108",
        "Nan Rate": "0.1783",
        "PSI": "0.2042",
        "Variables": "v968",
        "WOE_shape": "NAN",
        "default_mean": "2.4686",
        "default_std": "0.4841",
        "max": "2.8214",
        "mean": "2.496",
        "min": "0.7625",
        "normal_mean": "2.4966",
        "normal_std": "0.4678",
        "std": "0.4681"
    },
    {
        "25%": "0.0483",
        "50%": "0.0483",
        "75%": "0.0483",
        "IV": "0.0089",
        "Nan Count": "64285",
        "Nan Rate": "0.8746",
        "PSI": "0.0714",
        "Variables": "v049",
        "WOE_shape": "None",
        "default_mean": "0.0482",
        "default_std": "0.0123",
        "max": "0.4852",
        "mean": "0.0483",
        "min": "0.0006",
        "normal_mean": "0.0483",
        "normal_std": "0.0117",
        "std": "0.0118"
    },
    {
        "25%": "2.6191",
        "50%": "2.6191",
        "75%": "2.6191",
        "IV": "0.009",
        "Nan Count": "59558",
        "Nan Rate": "0.8103",
        "PSI": "0.1049",
        "Variables": "v935",
        "WOE_shape": "NAN",
        "default_mean": "2.5941",
        "default_std": "0.8892",
        "max": "6.5246",
        "mean": "2.6191",
        "min": "0.0",
        "normal_mean": "2.6197",
        "normal_std": "0.9389",
        "std": "0.9379"
    },
    {
        "25%": "2.1871",
        "50%": "2.1871",
        "75%": "2.1871",
        "IV": "0.0107",
        "Nan Count": "63640",
        "Nan Rate": "0.8659",
        "PSI": "0.1024",
        "Variables": "v327",
        "WOE_shape": "NAN",
        "default_mean": "2.1906",
        "default_std": "0.2264",
        "max": "2.7334",
        "mean": "2.1871",
        "min": "0.0",
        "normal_mean": "2.187",
        "normal_std": "0.2492",
        "std": "0.2487"
    },
    {
        "25%": "1.3863",
        "50%": "1.4739",
        "75%": "1.7918",
        "IV": "0.019",
        "Nan Count": "14900",
        "Nan Rate": "0.2027",
        "PSI": "0.2276",
        "Variables": "v892",
        "WOE_shape": "NAN",
        "default_mean": "1.4981",
        "default_std": "0.3898",
        "max": "4.9416",
        "mean": "1.4739",
        "min": "0.6931",
        "normal_mean": "1.4734",
        "normal_std": "0.399",
        "std": "0.3988"
    },
    {
        "25%": "0.0",
        "50%": "0.0",
        "75%": "0.0",
        "IV": "0.0101",
        "Nan Count": "39118",
        "Nan Rate": "0.5322",
        "PSI": "0.1054",
        "Variables": "v747",
        "WOE_shape": "NAN",
        "default_mean": "0.2184",
        "default_std": "0.7325",
        "max": "15.0",
        "mean": "0.2623",
        "min": "0.0",
        "normal_mean": "0.2632",
        "normal_std": "0.8147",
        "std": "0.8131"
    },
    {
        "25%": "1.9273",
        "50%": "1.9273",
        "75%": "1.9273",
        "IV": "0.0159",
        "Nan Count": "59558",
        "Nan Rate": "0.8103",
        "PSI": "0.1449",
        "Variables": "v956",
        "WOE_shape": "NAN",
        "default_mean": "1.9191",
        "default_std": "0.3374",
        "max": "3.0779",
        "mean": "1.9273",
        "min": "0.8318",
        "normal_mean": "1.9274",
        "normal_std": "0.3592",
        "std": "0.3587"
    },
    {
        "25%": "0.0",
        "50%": "0.0",
        "75%": "0.0",
        "IV": "0.0096",
        "Nan Count": "39118",
        "Nan Rate": "0.5322",
        "PSI": "0.2333",
        "Variables": "v632",
        "WOE_shape": "NAN",
        "default_mean": "0.1296",
        "default_std": "0.5415",
        "max": "16.0",
        "mean": "0.129",
        "min": "0.0",
        "normal_mean": "0.129",
        "normal_std": "0.4898",
        "std": "0.4909"
    },
    {
        "25%": "0.0",
        "50%": "0.0",
        "75%": "0.0",
        "IV": "0.0076",
        "Nan Count": "16997",
        "Nan Rate": "0.2313",
        "PSI": "0.2434",
        "Variables": "v997",
        "WOE_shape": "NAN",
        "default_mean": "0.0518",
        "default_std": "0.2693",
        "max": "7.0",
        "mean": "0.063",
        "min": "0.0",
        "normal_mean": "0.0632",
        "normal_std": "0.2972",
        "std": "0.2967"
    },
    {
        "25%": "0.0",
        "50%": "0.0",
        "75%": "0.0",
        "IV": "0.0108",
        "Nan Count": "14095",
        "Nan Rate": "0.1918",
        "PSI": "0.1469",
        "Variables": "v916",
        "WOE_shape": "NAN",
        "default_mean": "0.0032",
        "default_std": "0.0569",
        "max": "31.0",
        "mean": "0.0087",
        "min": "0.0",
        "normal_mean": "0.0088",
        "normal_std": "0.2086",
        "std": "0.2066"
    },
    {
        "25%": "0.0",
        "50%": "0.8782",
        "75%": "1.2477",
        "IV": "0.0081",
        "Nan Count": "25677",
        "Nan Rate": "0.3493",
        "PSI": "0.1139",
        "Variables": "v829",
        "WOE_shape": "NAN",
        "default_mean": "0.9131",
        "default_std": "0.7251",
        "max": "8.0795",
        "mean": "0.8782",
        "min": "0.0",
        "normal_mean": "0.8774",
        "normal_std": "0.74",
        "std": "0.7397"
    },
    {
        "25%": "0.0",
        "50%": "0.0",
        "75%": "0.0",
        "IV": "0.0101",
        "Nan Count": "16997",
        "Nan Rate": "0.2313",
        "PSI": "0.1626",
        "Variables": "v243",
        "WOE_shape": "NAN",
        "default_mean": "0.0039",
        "default_std": "0.1138",
        "max": "10.0",
        "mean": "0.0014",
        "min": "0.0",
        "normal_mean": "0.0013",
        "normal_std": "0.0765",
        "std": "0.0774"
    },
    {
        "25%": "0.0",
        "50%": "0.0024",
        "75%": "0.0024",
        "IV": "0.007",
        "Nan Count": "52491",
        "Nan Rate": "0.7142",
        "PSI": "0.1556",
        "Variables": "v292",
        "WOE_shape": "NAN",
        "default_mean": "0.0024",
        "default_std": "0.0117",
        "max": "0.3209",
        "mean": "0.0024",
        "min": "0.0",
        "normal_mean": "0.0024",
        "normal_std": "0.0127",
        "std": "0.0127"
    },
    {
        "25%": "0.154",
        "50%": "0.1553",
        "75%": "0.1553",
        "IV": "0.0165",
        "Nan Count": "44071",
        "Nan Rate": "0.5996",
        "PSI": "0.237",
        "Variables": "v913",
        "WOE_shape": "NAN",
        "default_mean": "0.152",
        "default_std": "0.064",
        "max": "0.9704",
        "mean": "0.1553",
        "min": "0.0162",
        "normal_mean": "0.1554",
        "normal_std": "0.0673",
        "std": "0.0672"
    },
    {
        "25%": "3.8785",
        "50%": "3.8785",
        "75%": "3.8785",
        "IV": "0.0116",
        "Nan Count": "61824",
        "Nan Rate": "0.8411",
        "PSI": "0.1186",
        "Variables": "v320",
        "WOE_shape": "NAN",
        "default_mean": "3.8869",
        "default_std": "0.4606",
        "max": "4.7213",
        "mean": "3.8785",
        "min": "0.0",
        "normal_mean": "3.8783",
        "normal_std": "0.4679",
        "std": "0.4677"
    },
    {
        "25%": "0.1137",
        "50%": "0.1137",
        "75%": "0.1137",
        "IV": "0.0131",
        "Nan Count": "59558",
        "Nan Rate": "0.8103",
        "PSI": "0.1046",
        "Variables": "v699",
        "WOE_shape": "NAN",
        "default_mean": "0.1092",
        "default_std": "0.0627",
        "max": "1.109",
        "mean": "0.1137",
        "min": "0.0005",
        "normal_mean": "0.1137",
        "normal_std": "0.0806",
        "std": "0.0803"
    },
    {
        "25%": "3.5664",
        "50%": "3.7274",
        "75%": "3.7274",
        "IV": "0.0114",
        "Nan Count": "13923",
        "Nan Rate": "0.1894",
        "PSI": "0.2373",
        "Variables": "v648",
        "WOE_shape": "NAN",
        "default_mean": "3.5562",
        "default_std": "0.4728",
        "max": "3.7274",
        "mean": "3.5664",
        "min": "0.0",
        "normal_mean": "3.5666",
        "normal_std": "0.4568",
        "std": "0.4571"
    },
    {
        "25%": "0.0",
        "50%": "0.0",
        "75%": "0.0",
        "IV": "0.0075",
        "Nan Count": "14168",
        "Nan Rate": "0.1928",
        "PSI": "0.1228",
        "Variables": "v146",
        "WOE_shape": "NAN",
        "default_mean": "0.0026",
        "default_std": "0.0509",
        "max": "2.0",
        "mean": "0.0014",
        "min": "0.0",
        "normal_mean": "0.0014",
        "normal_std": "0.0385",
        "std": "0.0388"
    },
    {
        "25%": "0.3691",
        "50%": "0.3691",
        "75%": "0.3691",
        "IV": "0.0081",
        "Nan Count": "60021",
        "Nan Rate": "0.8166",
        "PSI": "0.0992",
        "Variables": "v527",
        "WOE_shape": "NAN",
        "default_mean": "0.3677",
        "default_std": "0.0764",
        "max": "0.6238",
        "mean": "0.3691",
        "min": "0.0",
        "normal_mean": "0.3691",
        "normal_std": "0.0814",
        "std": "0.0813"
    },
    {
        "25%": "1.8309",
        "50%": "1.8309",
        "75%": "1.8309",
        "IV": "0.0103",
        "Nan Count": "62990",
        "Nan Rate": "0.857",
        "PSI": "0.075",
        "Variables": "v660",
        "WOE_shape": "NAN",
        "default_mean": "1.8117",
        "default_std": "0.5133",
        "max": "4.8076",
        "mean": "1.8309",
        "min": "0.0",
        "normal_mean": "1.8313",
        "normal_std": "0.5613",
        "std": "0.5603"
    },
    {
        "25%": "0.0",
        "50%": "0.0",
        "75%": "0.0",
        "IV": "0.0079",
        "Nan Count": "39118",
        "Nan Rate": "0.5322",
        "PSI": "0.228",
        "Variables": "v550",
        "WOE_shape": "NAN",
        "default_mean": "0.1277",
        "default_std": "0.6452",
        "max": "33.0",
        "mean": "0.157",
        "min": "0.0",
        "normal_mean": "0.1576",
        "normal_std": "0.7573",
        "std": "0.7551"
    },
    {
        "25%": "2.986",
        "50%": "2.986",
        "75%": "3.4043",
        "IV": "0.0052",
        "Nan Count": "33467",
        "Nan Rate": "0.4553",
        "PSI": "0.1035",
        "Variables": "v663",
        "WOE_shape": "NAN",
        "default_mean": "2.9895",
        "default_std": "0.5727",
        "max": "3.4043",
        "mean": "2.986",
        "min": "0.0",
        "normal_mean": "2.9859",
        "normal_std": "0.5884",
        "std": "0.5881"
    },
    {
        "25%": "0.0",
        "50%": "0.0",
        "75%": "0.0",
        "IV": "0.0122",
        "Nan Count": "39118",
        "Nan Rate": "0.5322",
        "PSI": "0.1295",
        "Variables": "v697",
        "WOE_shape": "NAN",
        "default_mean": "0.0369",
        "default_std": "0.2204",
        "max": "5.0",
        "mean": "0.0603",
        "min": "0.0",
        "normal_mean": "0.0608",
        "normal_std": "0.281",
        "std": "0.2799"
    },
    {
        "25%": "0.0943",
        "50%": "0.0943",
        "75%": "0.0943",
        "IV": "0.0057",
        "Nan Count": "65586",
        "Nan Rate": "0.8923",
        "PSI": "0.0571",
        "Variables": "v486",
        "WOE_shape": "NAN",
        "default_mean": "0.0936",
        "default_std": "0.0151",
        "max": "1.109",
        "mean": "0.0943",
        "min": "0.0096",
        "normal_mean": "0.0943",
        "normal_std": "0.0195",
        "std": "0.0194"
    },
    {
        "25%": "3.6786",
        "50%": "3.6786",
        "75%": "3.6786",
        "IV": "0.0123",
        "Nan Count": "59947",
        "Nan Rate": "0.8156",
        "PSI": "0.1734",
        "Variables": "v738",
        "WOE_shape": "NAN",
        "default_mean": "3.6879",
        "default_std": "0.4037",
        "max": "4.4728",
        "mean": "3.6786",
        "min": "0.0",
        "normal_mean": "3.6784",
        "normal_std": "0.4685",
        "std": "0.4672"
    },
    {
        "25%": "0.069",
        "50%": "0.069",
        "75%": "0.069",
        "IV": "0.0074",
        "Nan Count": "65811",
        "Nan Rate": "0.8954",
        "PSI": "0.0554",
        "Variables": "v484",
        "WOE_shape": "NAN",
        "default_mean": "0.0685",
        "default_std": "0.0174",
        "max": "0.5545",
        "mean": "0.069",
        "min": "0.0045",
        "normal_mean": "0.069",
        "normal_std": "0.0221",
        "std": "0.022"
    },
    {
        "25%": "0.9035",
        "50%": "0.9035",
        "75%": "0.9035",
        "IV": "0.0059",
        "Nan Count": "59558",
        "Nan Rate": "0.8103",
        "PSI": "0.2321",
        "Variables": "v458",
        "WOE_shape": "NAN",
        "default_mean": "0.9051",
        "default_std": "0.0849",
        "max": "2.8775",
        "mean": "0.9035",
        "min": "0.8318",
        "normal_mean": "0.9034",
        "normal_std": "0.0842",
        "std": "0.0842"
    },
    {
        "25%": "0.082",
        "50%": "0.082",
        "75%": "0.082",
        "IV": "0.0076",
        "Nan Count": "59558",
        "Nan Rate": "0.8103",
        "PSI": "0.1051",
        "Variables": "v389",
        "WOE_shape": "NAN",
        "default_mean": "0.0812",
        "default_std": "0.0229",
        "max": "0.6931",
        "mean": "0.082",
        "min": "0.0056",
        "normal_mean": "0.082",
        "normal_std": "0.026",
        "std": "0.0259"
    },
    {
        "25%": "0.3024",
        "50%": "0.3024",
        "75%": "0.3024",
        "IV": "0.0059",
        "Nan Count": "50865",
        "Nan Rate": "0.692",
        "PSI": "0.1852",
        "Variables": "v342",
        "WOE_shape": "NAN",
        "default_mean": "0.3029",
        "default_std": "0.0765",
        "max": "1.0397",
        "mean": "0.3024",
        "min": "0.0",
        "normal_mean": "0.3024",
        "normal_std": "0.076",
        "std": "0.076"
    },
    {
        "25%": "0.0",
        "50%": "0.0",
        "75%": "0.0",
        "IV": "0.0062",
        "Nan Count": "39118",
        "Nan Rate": "0.5322",
        "PSI": "0.1675",
        "Variables": "v564",
        "WOE_shape": "NAN",
        "default_mean": "0.1866",
        "default_std": "0.6603",
        "max": "17.0",
        "mean": "0.1876",
        "min": "0.0",
        "normal_mean": "0.1876",
        "normal_std": "0.6286",
        "std": "0.6293"
    },
    {
        "25%": "0.3708",
        "50%": "0.3708",
        "75%": "0.3708",
        "IV": "0.0079",
        "Nan Count": "52592",
        "Nan Rate": "0.7155",
        "PSI": "0.1683",
        "Variables": "v046",
        "WOE_shape": "U-shape",
        "default_mean": "0.3679",
        "default_std": "0.0819",
        "max": "1.317",
        "mean": "0.3708",
        "min": "0.0",
        "normal_mean": "0.3708",
        "normal_std": "0.0855",
        "std": "0.0855"
    },
    {
        "25%": "0.0",
        "50%": "0.0",
        "75%": "0.0",
        "IV": "0.0127",
        "Nan Count": "15323",
        "Nan Rate": "0.2085",
        "PSI": "0.1199",
        "Variables": "v160",
        "WOE_shape": "NAN",
        "default_mean": "0.0013",
        "default_std": "0.0509",
        "max": "9.0",
        "mean": "0.0043",
        "min": "0.0",
        "normal_mean": "0.0043",
        "normal_std": "0.1459",
        "std": "0.1445"
    },
    {
        "25%": "0.4573",
        "50%": "0.4573",
        "75%": "0.4634",
        "IV": "0.0085",
        "Nan Count": "41115",
        "Nan Rate": "0.5594",
        "PSI": "0.2497",
        "Variables": "v325",
        "WOE_shape": "NAN",
        "default_mean": "0.4583",
        "default_std": "0.05",
        "max": "0.7525",
        "mean": "0.4573",
        "min": "0.0365",
        "normal_mean": "0.4573",
        "normal_std": "0.0532",
        "std": "0.0531"
    },
    {
        "25%": "0.0695",
        "50%": "0.0695",
        "75%": "0.0695",
        "IV": "0.0116",
        "Nan Count": "59558",
        "Nan Rate": "0.8103",
        "PSI": "0.105",
        "Variables": "v535",
        "WOE_shape": "NAN",
        "default_mean": "0.0683",
        "default_std": "0.0262",
        "max": "0.5545",
        "mean": "0.0695",
        "min": "0.0029",
        "normal_mean": "0.0696",
        "normal_std": "0.0309",
        "std": "0.0308"
    },
    {
        "25%": "0.0",
        "50%": "0.0",
        "75%": "0.0",
        "IV": "0.0145",
        "Nan Count": "15323",
        "Nan Rate": "0.2085",
        "PSI": "0.132",
        "Variables": "v066",
        "WOE_shape": "None",
        "default_mean": "0.0201",
        "default_std": "0.3039",
        "max": "13.0",
        "mean": "0.0194",
        "min": "0.0",
        "normal_mean": "0.0194",
        "normal_std": "0.3217",
        "std": "0.3213"
    },
    {
        "25%": "0.0",
        "50%": "0.0",
        "75%": "0.0",
        "IV": "0.0167",
        "Nan Count": "14095",
        "Nan Rate": "0.1918",
        "PSI": "0.2354",
        "Variables": "v576",
        "WOE_shape": "NAN",
        "default_mean": "0.0246",
        "default_std": "0.4193",
        "max": "31.0",
        "mean": "0.0189",
        "min": "0.0",
        "normal_mean": "0.0188",
        "normal_std": "0.3493",
        "std": "0.351"
    },
    {
        "25%": "0.0",
        "50%": "0.0",
        "75%": "0.0",
        "IV": "0.0222",
        "Nan Count": "14095",
        "Nan Rate": "0.1918",
        "PSI": "0.2215",
        "Variables": "v424",
        "WOE_shape": "NAN",
        "default_mean": "0.0",
        "default_std": "0.0",
        "max": "0.0",
        "mean": "0.0",
        "min": "0.0",
        "normal_mean": "0.0",
        "normal_std": "0.0",
        "std": "0.0"
    },
    {
        "25%": "1.2085",
        "50%": "1.2617",
        "75%": "1.5249",
        "IV": "0.0139",
        "Nan Count": "14900",
        "Nan Rate": "0.2027",
        "PSI": "0.1638",
        "Variables": "v497",
        "WOE_shape": "NAN",
        "default_mean": "1.2693",
        "default_std": "0.5449",
        "max": "5.0766",
        "mean": "1.2617",
        "min": "0.0",
        "normal_mean": "1.2615",
        "normal_std": "0.5418",
        "std": "0.5418"
    },
    {
        "25%": "1.1629",
        "50%": "1.1629",
        "75%": "1.1629",
        "IV": "0.0068",
        "Nan Count": "52566",
        "Nan Rate": "0.7152",
        "PSI": "0.1316",
        "Variables": "v286",
        "WOE_shape": "NAN",
        "default_mean": "1.1645",
        "default_std": "0.2138",
        "max": "5.4854",
        "mean": "1.1629",
        "min": "0.9011",
        "normal_mean": "1.1629",
        "normal_std": "0.2116",
        "std": "0.2116"
    },
    {
        "25%": "0.0884",
        "50%": "0.0884",
        "75%": "0.0884",
        "IV": "0.0077",
        "Nan Count": "65552",
        "Nan Rate": "0.8919",
        "PSI": "0.0535",
        "Variables": "v703",
        "WOE_shape": "NAN",
        "default_mean": "0.0883",
        "default_std": "0.0216",
        "max": "0.9704",
        "mean": "0.0884",
        "min": "0.0088",
        "normal_mean": "0.0884",
        "normal_std": "0.0304",
        "std": "0.0302"
    },
    {
        "25%": "0.0",
        "50%": "0.0",
        "75%": "0.0",
        "IV": "0.0108",
        "Nan Count": "14095",
        "Nan Rate": "0.1918",
        "PSI": "0.1168",
        "Variables": "v930",
        "WOE_shape": "NAN",
        "default_mean": "0.0019",
        "default_std": "0.0441",
        "max": "27.0",
        "mean": "0.0071",
        "min": "0.0",
        "normal_mean": "0.0072",
        "normal_std": "0.2122",
        "std": "0.2101"
    },
    {
        "25%": "6.2075",
        "50%": "6.2075",
        "75%": "6.2075",
        "IV": "0.0064",
        "Nan Count": "65552",
        "Nan Rate": "0.8919",
        "PSI": "0.0548",
        "Variables": "v082",
        "WOE_shape": "U-shape",
        "default_mean": "6.2086",
        "default_std": "0.772",
        "max": "8.8654",
        "mean": "6.2075",
        "min": "0.0",
        "normal_mean": "6.2075",
        "normal_std": "0.802",
        "std": "0.8014"
    },
    {
        "25%": "0.0",
        "50%": "0.0",
        "75%": "1.0",
        "IV": "0.0289",
        "Nan Count": "16997",
        "Nan Rate": "0.2313",
        "PSI": "0.2053",
        "Variables": "v791",
        "WOE_shape": "NAN",
        "default_mean": "0.6688",
        "default_std": "1.3614",
        "max": "16.0",
        "mean": "0.6271",
        "min": "0.0",
        "normal_mean": "0.6262",
        "normal_std": "1.1979",
        "std": "1.2016"
    },
    {
        "25%": "0.0",
        "50%": "0.0",
        "75%": "0.0",
        "IV": "0.0086",
        "Nan Count": "16997",
        "Nan Rate": "0.2313",
        "PSI": "0.1255",
        "Variables": "v255",
        "WOE_shape": "NAN",
        "default_mean": "0.0091",
        "default_std": "0.0949",
        "max": "8.0",
        "mean": "0.0077",
        "min": "0.0",
        "normal_mean": "0.0077",
        "normal_std": "0.1055",
        "std": "0.1053"
    },
    {
        "25%": "0.0",
        "50%": "0.0",
        "75%": "0.0",
        "IV": "0.0056",
        "Nan Count": "39118",
        "Nan Rate": "0.5322",
        "PSI": "0.2041",
        "Variables": "v071",
        "WOE_shape": "None",
        "default_mean": "0.0259",
        "default_std": "0.2175",
        "max": "11.0",
        "mean": "0.0304",
        "min": "0.0",
        "normal_mean": "0.0305",
        "normal_std": "0.2282",
        "std": "0.2279"
    },
    {
        "25%": "0.1831",
        "50%": "0.1831",
        "75%": "0.1831",
        "IV": "0.0054",
        "Nan Count": "45290",
        "Nan Rate": "0.6162",
        "PSI": "0.2253",
        "Variables": "v156",
        "WOE_shape": "NAN",
        "default_mean": "0.1804",
        "default_std": "0.0948",
        "max": "1.1784",
        "mean": "0.1831",
        "min": "0.0",
        "normal_mean": "0.1831",
        "normal_std": "0.1036",
        "std": "0.1034"
    },
    {
        "25%": "0.0951",
        "50%": "0.0951",
        "75%": "0.0951",
        "IV": "0.0064",
        "Nan Count": "62703",
        "Nan Rate": "0.8531",
        "PSI": "0.0836",
        "Variables": "v382",
        "WOE_shape": "NAN",
        "default_mean": "0.0931",
        "default_std": "0.0443",
        "max": "0.9704",
        "mean": "0.0951",
        "min": "0.0",
        "normal_mean": "0.0952",
        "normal_std": "0.0499",
        "std": "0.0498"
    },
    {
        "25%": "0.0",
        "50%": "0.0",
        "75%": "0.0",
        "IV": "0.0107",
        "Nan Count": "16997",
        "Nan Rate": "0.2313",
        "PSI": "0.2303",
        "Variables": "v687",
        "WOE_shape": "NAN",
        "default_mean": "0.0408",
        "default_std": "0.2395",
        "max": "6.0",
        "mean": "0.0321",
        "min": "0.0",
        "normal_mean": "0.0319",
        "normal_std": "0.193",
        "std": "0.1941"
    },
    {
        "25%": "0.0",
        "50%": "0.0",
        "75%": "0.0",
        "IV": "0.0136",
        "Nan Count": "14095",
        "Nan Rate": "0.1918",
        "PSI": "0.222",
        "Variables": "v877",
        "WOE_shape": "NAN",
        "default_mean": "0.0058",
        "default_std": "0.1589",
        "max": "22.0",
        "mean": "0.004",
        "min": "0.0",
        "normal_mean": "0.004",
        "normal_std": "0.1217",
        "std": "0.1226"
    },
    {
        "25%": "0.4357",
        "50%": "0.4357",
        "75%": "0.4357",
        "IV": "0.0169",
        "Nan Count": "53594",
        "Nan Rate": "0.7292",
        "PSI": "0.1419",
        "Variables": "v401",
        "WOE_shape": "NAN",
        "default_mean": "0.4399",
        "default_std": "0.0355",
        "max": "0.6759",
        "mean": "0.4357",
        "min": "0.0468",
        "normal_mean": "0.4356",
        "normal_std": "0.0426",
        "std": "0.0425"
    },
    {
        "25%": "0.1091",
        "50%": "0.1091",
        "75%": "0.1091",
        "IV": "0.0065",
        "Nan Count": "65597",
        "Nan Rate": "0.8925",
        "PSI": "0.0576",
        "Variables": "v113",
        "WOE_shape": "None",
        "default_mean": "0.1087",
        "default_std": "0.0179",
        "max": "1.317",
        "mean": "0.1091",
        "min": "0.0",
        "normal_mean": "0.1091",
        "normal_std": "0.0274",
        "std": "0.0272"
    },
    {
        "25%": "1.7007",
        "50%": "1.7007",
        "75%": "1.7007",
        "IV": "0.005",
        "Nan Count": "61842",
        "Nan Rate": "0.8414",
        "PSI": "0.2055",
        "Variables": "v563",
        "WOE_shape": "NAN",
        "default_mean": "1.7132",
        "default_std": "0.2878",
        "max": "4.3275",
        "mean": "1.7007",
        "min": "0.9704",
        "normal_mean": "1.7004",
        "normal_std": "0.2843",
        "std": "0.2844"
    },
    {
        "25%": "0.0",
        "50%": "0.0",
        "75%": "0.0",
        "IV": "0.0231",
        "Nan Count": "15323",
        "Nan Rate": "0.2085",
        "PSI": "0.2418",
        "Variables": "v813",
        "WOE_shape": "NAN",
        "default_mean": "0.1348",
        "default_std": "0.5219",
        "max": "11.0",
        "mean": "0.1865",
        "min": "0.0",
        "normal_mean": "0.1877",
        "normal_std": "0.5568",
        "std": "0.5561"
    },
    {
        "25%": "1.8265",
        "50%": "1.8265",
        "75%": "1.8265",
        "IV": "0.018",
        "Nan Count": "64900",
        "Nan Rate": "0.883",
        "PSI": "0.0595",
        "Variables": "v448",
        "WOE_shape": "NAN",
        "default_mean": "1.8101",
        "default_std": "0.2652",
        "max": "3.8008",
        "mean": "1.8265",
        "min": "0.7625",
        "normal_mean": "1.8268",
        "normal_std": "0.2953",
        "std": "0.2947"
    },
    {
        "25%": "0.0",
        "50%": "0.0",
        "75%": "0.0",
        "IV": "0.0066",
        "Nan Count": "16997",
        "Nan Rate": "0.2313",
        "PSI": "0.1669",
        "Variables": "v077",
        "WOE_shape": "U-shape",
        "default_mean": "0.0188",
        "default_std": "0.1405",
        "max": "3.0",
        "mean": "0.0197",
        "min": "0.0",
        "normal_mean": "0.0197",
        "normal_std": "0.1458",
        "std": "0.1457"
    },
    {
        "25%": "2.3944",
        "50%": "2.4849",
        "75%": "2.4849",
        "IV": "0.0132",
        "Nan Count": "13108",
        "Nan Rate": "0.1783",
        "PSI": "0.1239",
        "Variables": "v482",
        "WOE_shape": "NAN",
        "default_mean": "2.3801",
        "default_std": "0.3131",
        "max": "2.4849",
        "mean": "2.3944",
        "min": "0.0",
        "normal_mean": "2.3947",
        "normal_std": "0.2738",
        "std": "0.2747"
    },
    {
        "25%": "0.0859",
        "50%": "0.0859",
        "75%": "0.0859",
        "IV": "0.0138",
        "Nan Count": "60053",
        "Nan Rate": "0.817",
        "PSI": "0.1014",
        "Variables": "v084",
        "WOE_shape": "Up",
        "default_mean": "0.0839",
        "default_std": "0.0303",
        "max": "0.6931",
        "mean": "0.0859",
        "min": "0.0",
        "normal_mean": "0.0859",
        "normal_std": "0.0356",
        "std": "0.0355"
    },
    {
        "25%": "0.0",
        "50%": "0.0",
        "75%": "0.0",
        "IV": "0.0169",
        "Nan Count": "15323",
        "Nan Rate": "0.2085",
        "PSI": "0.2437",
        "Variables": "v030",
        "WOE_shape": "U-shape",
        "default_mean": "0.0026",
        "default_std": "0.0623",
        "max": "10.0",
        "mean": "0.0095",
        "min": "0.0",
        "normal_mean": "0.0097",
        "normal_std": "0.1466",
        "std": "0.1453"
    },
    {
        "25%": "2.2146",
        "50%": "2.2146",
        "75%": "2.4849",
        "IV": "0.0093",
        "Nan Count": "25677",
        "Nan Rate": "0.3493",
        "PSI": "0.1111",
        "Variables": "v303",
        "WOE_shape": "NAN",
        "default_mean": "2.2158",
        "default_std": "0.3931",
        "max": "2.4849",
        "mean": "2.2146",
        "min": "0.0",
        "normal_mean": "2.2146",
        "normal_std": "0.403",
        "std": "0.4028"
    },
    {
        "25%": "0.1017",
        "50%": "0.1017",
        "75%": "0.1017",
        "IV": "0.0059",
        "Nan Count": "59947",
        "Nan Rate": "0.8156",
        "PSI": "0.0982",
        "Variables": "v840",
        "WOE_shape": "NAN",
        "default_mean": "0.1019",
        "default_std": "0.05",
        "max": "0.9704",
        "mean": "0.1017",
        "min": "0.013",
        "normal_mean": "0.1017",
        "normal_std": "0.0503",
        "std": "0.0503"
    },
    {
        "25%": "0.0",
        "50%": "0.0",
        "75%": "0.0",
        "IV": "0.0088",
        "Nan Count": "39118",
        "Nan Rate": "0.5322",
        "PSI": "0.1832",
        "Variables": "v053",
        "WOE_shape": "None",
        "default_mean": "0.1154",
        "default_std": "0.5423",
        "max": "14.0",
        "mean": "0.1414",
        "min": "0.0",
        "normal_mean": "0.1419",
        "normal_std": "0.5978",
        "std": "0.5967"
    },
    {
        "25%": "2.1036",
        "50%": "2.1036",
        "75%": "2.1972",
        "IV": "0.0054",
        "Nan Count": "44071",
        "Nan Rate": "0.5996",
        "PSI": "0.211",
        "Variables": "v850",
        "WOE_shape": "NAN",
        "default_mean": "2.1017",
        "default_std": "0.3501",
        "max": "2.4849",
        "mean": "2.1036",
        "min": "0.0",
        "normal_mean": "2.1036",
        "normal_std": "0.356",
        "std": "0.3559"
    },
    {
        "25%": "2.2415",
        "50%": "2.2415",
        "75%": "2.2415",
        "IV": "0.0081",
        "Nan Count": "62990",
        "Nan Rate": "0.857",
        "PSI": "0.241",
        "Variables": "v631",
        "WOE_shape": "NAN",
        "default_mean": "2.2487",
        "default_std": "0.2457",
        "max": "2.6876",
        "mean": "2.2415",
        "min": "0.0",
        "normal_mean": "2.2414",
        "normal_std": "0.2841",
        "std": "0.2834"
    },
    {
        "25%": "0.0",
        "50%": "0.0",
        "75%": "0.0",
        "IV": "0.0143",
        "Nan Count": "16997",
        "Nan Rate": "0.2313",
        "PSI": "0.1285",
        "Variables": "v742",
        "WOE_shape": "NAN",
        "default_mean": "0.0687",
        "default_std": "0.3442",
        "max": "8.0",
        "mean": "0.0552",
        "min": "0.0",
        "normal_mean": "0.0549",
        "normal_std": "0.2607",
        "std": "0.2627"
    },
    {
        "25%": "0.0833",
        "50%": "0.0833",
        "75%": "0.0833",
        "IV": "0.0057",
        "Nan Count": "52566",
        "Nan Rate": "0.7152",
        "PSI": "0.1685",
        "Variables": "v158",
        "WOE_shape": "NAN",
        "default_mean": "0.0826",
        "default_std": "0.0306",
        "max": "0.6238",
        "mean": "0.0833",
        "min": "0.0119",
        "normal_mean": "0.0833",
        "normal_std": "0.0293",
        "std": "0.0293"
    },
    {
        "25%": "0.0",
        "50%": "0.0",
        "75%": "0.0",
        "IV": "0.0053",
        "Nan Count": "39118",
        "Nan Rate": "0.5322",
        "PSI": "0.2393",
        "Variables": "v456",
        "WOE_shape": "NAN",
        "default_mean": "0.0616",
        "default_std": "0.2661",
        "max": "9.0",
        "mean": "0.0803",
        "min": "0.0",
        "normal_mean": "0.0807",
        "normal_std": "0.3203",
        "std": "0.3192"
    },
    {
        "25%": "1.0511",
        "50%": "1.0511",
        "75%": "1.2085",
        "IV": "0.0056",
        "Nan Count": "39822",
        "Nan Rate": "0.5418",
        "PSI": "0.1913",
        "Variables": "v012",
        "WOE_shape": "U-shape",
        "default_mean": "1.048",
        "default_std": "0.2295",
        "max": "1.2085",
        "mean": "1.0511",
        "min": "0.0",
        "normal_mean": "1.0512",
        "normal_std": "0.2344",
        "std": "0.2343"
    },
    {
        "25%": "1.2177",
        "50%": "1.2177",
        "75%": "1.2177",
        "IV": "0.0168",
        "Nan Count": "52566",
        "Nan Rate": "0.7152",
        "PSI": "0.2181",
        "Variables": "v466",
        "WOE_shape": "NAN",
        "default_mean": "1.213",
        "default_std": "0.2889",
        "max": "2.3085",
        "mean": "1.2177",
        "min": "0.6238",
        "normal_mean": "1.2178",
        "normal_std": "0.2974",
        "std": "0.2972"
    },
    {
        "25%": "2.3567",
        "50%": "2.3874",
        "75%": "2.3874",
        "IV": "0.0099",
        "Nan Count": "39822",
        "Nan Rate": "0.5418",
        "PSI": "0.1827",
        "Variables": "v081",
        "WOE_shape": "None",
        "default_mean": "2.3752",
        "default_std": "0.5562",
        "max": "8.7208",
        "mean": "2.3874",
        "min": "1.1784",
        "normal_mean": "2.3877",
        "normal_std": "0.5977",
        "std": "0.5968"
    },
    {
        "25%": "0.4142",
        "50%": "0.4142",
        "75%": "0.4142",
        "IV": "0.0126",
        "Nan Count": "54008",
        "Nan Rate": "0.7348",
        "PSI": "0.1473",
        "Variables": "v905",
        "WOE_shape": "NAN",
        "default_mean": "0.4161",
        "default_std": "0.0397",
        "max": "0.7733",
        "mean": "0.4142",
        "min": "0.1882",
        "normal_mean": "0.4142",
        "normal_std": "0.0379",
        "std": "0.0379"
    },
    {
        "25%": "0.4931",
        "50%": "0.4931",
        "75%": "0.4931",
        "IV": "0.0088",
        "Nan Count": "53558",
        "Nan Rate": "0.7287",
        "PSI": "0.1446",
        "Variables": "v197",
        "WOE_shape": "NAN",
        "default_mean": "0.4932",
        "default_std": "0.0158",
        "max": "0.68",
        "mean": "0.4931",
        "min": "0.1146",
        "normal_mean": "0.4931",
        "normal_std": "0.02",
        "std": "0.0199"
    },
    {
        "25%": "0.0",
        "50%": "0.0",
        "75%": "1.0",
        "IV": "0.0148",
        "Nan Count": "16997",
        "Nan Rate": "0.2313",
        "PSI": "0.2304",
        "Variables": "v241",
        "WOE_shape": "NAN",
        "default_mean": "0.337",
        "default_std": "0.5944",
        "max": "16.0",
        "mean": "0.3227",
        "min": "0.0",
        "normal_mean": "0.3224",
        "normal_std": "0.5666",
        "std": "0.5672"
    },
    {
        "25%": "0.063",
        "50%": "0.063",
        "75%": "0.063",
        "IV": "0.0147",
        "Nan Count": "64919",
        "Nan Rate": "0.8833",
        "PSI": "0.0594",
        "Variables": "v043",
        "WOE_shape": "Down",
        "default_mean": "0.0631",
        "default_std": "0.0199",
        "max": "0.3466",
        "mean": "0.063",
        "min": "0.0",
        "normal_mean": "0.063",
        "normal_std": "0.0253",
        "std": "0.0252"
    },
    {
        "25%": "0.0",
        "50%": "0.0",
        "75%": "0.0",
        "IV": "0.0188",
        "Nan Count": "14095",
        "Nan Rate": "0.1918",
        "PSI": "0.1909",
        "Variables": "v617",
        "WOE_shape": "NAN",
        "default_mean": "0.1322",
        "default_std": "0.6117",
        "max": "63.0",
        "mean": "0.1388",
        "min": "0.0",
        "normal_mean": "0.1389",
        "normal_std": "0.7221",
        "std": "0.7199"
    },
    {
        "25%": "1.8396",
        "50%": "1.8396",
        "75%": "1.8396",
        "IV": "0.0175",
        "Nan Count": "59558",
        "Nan Rate": "0.8103",
        "PSI": "0.1046",
        "Variables": "v135",
        "WOE_shape": "None",
        "default_mean": "1.8231",
        "default_std": "0.4035",
        "max": "4.1144",
        "mean": "1.8396",
        "min": "0.4852",
        "normal_mean": "1.84",
        "normal_std": "0.4438",
        "std": "0.443"
    },
    {
        "25%": "0.0721",
        "50%": "0.0721",
        "75%": "0.0721",
        "IV": "0.0197",
        "Nan Count": "60597",
        "Nan Rate": "0.8244",
        "PSI": "0.0962",
        "Variables": "v780",
        "WOE_shape": "NAN",
        "default_mean": "0.0699",
        "default_std": "0.0262",
        "max": "0.5545",
        "mean": "0.0721",
        "min": "0.0",
        "normal_mean": "0.0721",
        "normal_std": "0.0339",
        "std": "0.0337"
    },
    {
        "25%": "0.0",
        "50%": "0.0",
        "75%": "0.0",
        "IV": "0.0097",
        "Nan Count": "16997",
        "Nan Rate": "0.2313",
        "PSI": "0.1991",
        "Variables": "v595",
        "WOE_shape": "NAN",
        "default_mean": "0.0136",
        "default_std": "0.1365",
        "max": "7.0",
        "mean": "0.0094",
        "min": "0.0",
        "normal_mean": "0.0093",
        "normal_std": "0.1178",
        "std": "0.1182"
    },
    {
        "25%": "0.3449",
        "50%": "0.3449",
        "75%": "0.3449",
        "IV": "0.0111",
        "Nan Count": "62990",
        "Nan Rate": "0.857",
        "PSI": "0.075",
        "Variables": "v228",
        "WOE_shape": "NAN",
        "default_mean": "0.3427",
        "default_std": "0.0973",
        "max": "1.1369",
        "mean": "0.3449",
        "min": "0.0",
        "normal_mean": "0.345",
        "normal_std": "0.1059",
        "std": "0.1057"
    },
    {
        "25%": "0.4315",
        "50%": "0.5271",
        "75%": "0.6082",
        "IV": "0.0221",
        "Nan Count": "25499",
        "Nan Rate": "0.3469",
        "PSI": "0.2006",
        "Variables": "v758",
        "WOE_shape": "NAN",
        "default_mean": "0.5287",
        "default_std": "0.1332",
        "max": "1.0397",
        "mean": "0.5271",
        "min": "0.0",
        "normal_mean": "0.527",
        "normal_std": "0.143",
        "std": "0.1428"
    },
    {
        "25%": "0.0",
        "50%": "0.0",
        "75%": "0.0",
        "IV": "0.0144",
        "Nan Count": "16997",
        "Nan Rate": "0.2313",
        "PSI": "0.1635",
        "Variables": "v728",
        "WOE_shape": "NAN",
        "default_mean": "0.1672",
        "default_std": "0.6242",
        "max": "21.0",
        "mean": "0.1619",
        "min": "0.0",
        "normal_mean": "0.1618",
        "normal_std": "0.5637",
        "std": "0.565"
    },
    {
        "25%": "0.4891",
        "50%": "0.5877",
        "75%": "0.6893",
        "IV": "0.0491",
        "Nan Count": "27138",
        "Nan Rate": "0.3692",
        "PSI": "0.1196",
        "Variables": "v232",
        "WOE_shape": "NAN",
        "default_mean": "0.5806",
        "default_std": "0.1319",
        "max": "1.1784",
        "mean": "0.5877",
        "min": "0.0",
        "normal_mean": "0.5878",
        "normal_std": "0.149",
        "std": "0.1487"
    },
    {
        "25%": "5.5767",
        "50%": "5.5767",
        "75%": "5.5767",
        "IV": "0.0168",
        "Nan Count": "59558",
        "Nan Rate": "0.8103",
        "PSI": "0.1047",
        "Variables": "v553",
        "WOE_shape": "NAN",
        "default_mean": "5.5311",
        "default_std": "1.2604",
        "max": "15.2793",
        "mean": "5.5767",
        "min": "1.3863",
        "normal_mean": "5.5777",
        "normal_std": "1.3824",
        "std": "1.38"
    },
    {
        "25%": "0.0",
        "50%": "0.0",
        "75%": "0.0",
        "IV": "0.0075",
        "Nan Count": "14168",
        "Nan Rate": "0.1928",
        "PSI": "0.2445",
        "Variables": "v540",
        "WOE_shape": "NAN",
        "default_mean": "0.0013",
        "default_std": "0.036",
        "max": "2.0",
        "mean": "0.0005",
        "min": "0.0",
        "normal_mean": "0.0005",
        "normal_std": "0.0227",
        "std": "0.023"
    },
    {
        "25%": "1.4628",
        "50%": "1.4628",
        "75%": "1.4628",
        "IV": "0.0051",
        "Nan Count": "59947",
        "Nan Rate": "0.8156",
        "PSI": "0.0987",
        "Variables": "v323",
        "WOE_shape": "NAN",
        "default_mean": "1.4703",
        "default_std": "0.4405",
        "max": "5.457",
        "mean": "1.4628",
        "min": "0.6931",
        "normal_mean": "1.4626",
        "normal_std": "0.4096",
        "std": "0.4103"
    },
    {
        "25%": "0.0",
        "50%": "0.0",
        "75%": "1.0",
        "IV": "0.0103",
        "Nan Count": "16997",
        "Nan Rate": "0.2313",
        "PSI": "0.152",
        "Variables": "v147",
        "WOE_shape": "NAN",
        "default_mean": "0.3001",
        "default_std": "0.5081",
        "max": "10.0",
        "mean": "0.3021",
        "min": "0.0",
        "normal_mean": "0.3021",
        "normal_std": "0.5071",
        "std": "0.5071"
    },
    {
        "25%": "0.0",
        "50%": "0.0",
        "75%": "0.0",
        "IV": "0.0129",
        "Nan Count": "15323",
        "Nan Rate": "0.2085",
        "PSI": "0.128",
        "Variables": "v165",
        "WOE_shape": "NAN",
        "default_mean": "0.013",
        "default_std": "0.1901",
        "max": "62.0",
        "mean": "0.023",
        "min": "0.0",
        "normal_mean": "0.0232",
        "normal_std": "0.488",
        "std": "0.4837"
    },
    {
        "25%": "0.0",
        "50%": "0.0",
        "75%": "0.0",
        "IV": "0.0067",
        "Nan Count": "14168",
        "Nan Rate": "0.1928",
        "PSI": "0.1785",
        "Variables": "v017",
        "WOE_shape": "Up",
        "default_mean": "0.0013",
        "default_std": "0.036",
        "max": "2.0",
        "mean": "0.0021",
        "min": "0.0",
        "normal_mean": "0.0021",
        "normal_std": "0.0459",
        "std": "0.0457"
    },
    {
        "25%": "0.2996",
        "50%": "0.2996",
        "75%": "0.2996",
        "IV": "0.0057",
        "Nan Count": "52624",
        "Nan Rate": "0.716",
        "PSI": "0.1682",
        "Variables": "v395",
        "WOE_shape": "NAN",
        "default_mean": "0.2957",
        "default_std": "0.0971",
        "max": "0.6238",
        "mean": "0.2996",
        "min": "0.0",
        "normal_mean": "0.2997",
        "normal_std": "0.1019",
        "std": "0.1018"
    },
    {
        "25%": "2.3283",
        "50%": "2.3283",
        "75%": "2.3283",
        "IV": "0.0079",
        "Nan Count": "52491",
        "Nan Rate": "0.7142",
        "PSI": "0.1793",
        "Variables": "v274",
        "WOE_shape": "NAN",
        "default_mean": "2.3331",
        "default_std": "0.7402",
        "max": "5.9026",
        "mean": "2.3283",
        "min": "0.6931",
        "normal_mean": "2.3282",
        "normal_std": "0.7032",
        "std": "0.704"
    },
    {
        "25%": "1.4898",
        "50%": "1.4898",
        "75%": "1.4898",
        "IV": "0.0075",
        "Nan Count": "61842",
        "Nan Rate": "0.8414",
        "PSI": "0.1127",
        "Variables": "v370",
        "WOE_shape": "NAN",
        "default_mean": "1.5016",
        "default_std": "0.2338",
        "max": "1.9709",
        "mean": "1.4898",
        "min": "0.0",
        "normal_mean": "1.4896",
        "normal_std": "0.2541",
        "std": "0.2537"
    },
    {
        "25%": "0.0907",
        "50%": "0.0919",
        "75%": "0.0919",
        "IV": "0.0069",
        "Nan Count": "44071",
        "Nan Rate": "0.5996",
        "PSI": "0.2372",
        "Variables": "v977",
        "WOE_shape": "NAN",
        "default_mean": "0.0904",
        "default_std": "0.057",
        "max": "0.6931",
        "mean": "0.0919",
        "min": "0.0033",
        "normal_mean": "0.0919",
        "normal_std": "0.057",
        "std": "0.057"
    },
    {
        "25%": "1.7578",
        "50%": "1.9043",
        "75%": "2.2181",
        "IV": "0.0104",
        "Nan Count": "20511",
        "Nan Rate": "0.2791",
        "PSI": "0.2024",
        "Variables": "v639",
        "WOE_shape": "NAN",
        "default_mean": "1.8983",
        "default_std": "0.512",
        "max": "5.6886",
        "mean": "1.9043",
        "min": "1.109",
        "normal_mean": "1.9044",
        "normal_std": "0.5031",
        "std": "0.5033"
    },
    {
        "25%": "0.0386",
        "50%": "0.0386",
        "75%": "0.0386",
        "IV": "0.0074",
        "Nan Count": "59947",
        "Nan Rate": "0.8156",
        "PSI": "0.099",
        "Variables": "v812",
        "WOE_shape": "NAN",
        "default_mean": "0.0391",
        "default_std": "0.0465",
        "max": "1.109",
        "mean": "0.0386",
        "min": "0.0001",
        "normal_mean": "0.0386",
        "normal_std": "0.0472",
        "std": "0.0472"
    },
    {
        "25%": "1.7168",
        "50%": "1.7168",
        "75%": "1.7168",
        "IV": "0.0096",
        "Nan Count": "44071",
        "Nan Rate": "0.5996",
        "PSI": "0.2069",
        "Variables": "v437",
        "WOE_shape": "NAN",
        "default_mean": "1.7048",
        "default_std": "0.4376",
        "max": "2.8214",
        "mean": "1.7168",
        "min": "0.7625",
        "normal_mean": "1.7171",
        "normal_std": "0.4511",
        "std": "0.4509"
    },
    {
        "25%": "3.2186",
        "50%": "3.2186",
        "75%": "3.2186",
        "IV": "0.0062",
        "Nan Count": "64900",
        "Nan Rate": "0.883",
        "PSI": "0.0594",
        "Variables": "v768",
        "WOE_shape": "NAN",
        "default_mean": "3.2441",
        "default_std": "0.5993",
        "max": "6.3305",
        "mean": "3.2186",
        "min": "0.0",
        "normal_mean": "3.2181",
        "normal_std": "0.6635",
        "std": "0.6623"
    },
    {
        "25%": "0.4525",
        "50%": "0.4525",
        "75%": "0.4525",
        "IV": "0.0079",
        "Nan Count": "65811",
        "Nan Rate": "0.8954",
        "PSI": "0.2016",
        "Variables": "v844",
        "WOE_shape": "NAN",
        "default_mean": "0.4482",
        "default_std": "0.1637",
        "max": "2.0604",
        "mean": "0.4525",
        "min": "0.0",
        "normal_mean": "0.4526",
        "normal_std": "0.1747",
        "std": "0.1745"
    },
    {
        "25%": "0.059",
        "50%": "0.059",
        "75%": "0.059",
        "IV": "0.005",
        "Nan Count": "65552",
        "Nan Rate": "0.8919",
        "PSI": "0.1315",
        "Variables": "v293",
        "WOE_shape": "NAN",
        "default_mean": "0.0594",
        "default_std": "0.0661",
        "max": "1.6081",
        "mean": "0.059",
        "min": "0.0",
        "normal_mean": "0.059",
        "normal_std": "0.0669",
        "std": "0.0668"
    },
    {
        "25%": "1.0417",
        "50%": "1.0417",
        "75%": "1.0417",
        "IV": "0.0107",
        "Nan Count": "59558",
        "Nan Rate": "0.8103",
        "PSI": "0.2103",
        "Variables": "v353",
        "WOE_shape": "NAN",
        "default_mean": "1.0459",
        "default_std": "0.1154",
        "max": "1.2425",
        "mean": "1.0417",
        "min": "0.0",
        "normal_mean": "1.0416",
        "normal_std": "0.1342",
        "std": "0.1339"
    },
    {
        "25%": "3.0974",
        "50%": "3.0974",
        "75%": "3.0974",
        "IV": "0.0169",
        "Nan Count": "64900",
        "Nan Rate": "0.883",
        "PSI": "0.0592",
        "Variables": "v139",
        "WOE_shape": "NAN",
        "default_mean": "3.0702",
        "default_std": "0.4877",
        "max": "9.7955",
        "mean": "3.0974",
        "min": "1.1784",
        "normal_mean": "3.098",
        "normal_std": "0.551",
        "std": "0.5497"
    },
    {
        "25%": "0.0",
        "50%": "0.0",
        "75%": "0.0",
        "IV": "0.0111",
        "Nan Count": "14095",
        "Nan Rate": "0.1918",
        "PSI": "0.1611",
        "Variables": "v238",
        "WOE_shape": "NAN",
        "default_mean": "0.0052",
        "default_std": "0.1017",
        "max": "145.0",
        "mean": "0.0194",
        "min": "0.0",
        "normal_mean": "0.0197",
        "normal_std": "0.6967",
        "std": "0.6895"
    },
    {
        "25%": "0.0",
        "50%": "0.0",
        "75%": "1.0",
        "IV": "0.0223",
        "Nan Count": "14095",
        "Nan Rate": "0.1918",
        "PSI": "0.2018",
        "Variables": "v964",
        "WOE_shape": "NAN",
        "default_mean": "0.4867",
        "default_std": "1.4623",
        "max": "32.0",
        "mean": "0.541",
        "min": "0.0",
        "normal_mean": "0.5422",
        "normal_std": "1.4527",
        "std": "1.4529"
    },
    {
        "25%": "2.9013",
        "50%": "2.9013",
        "75%": "2.9013",
        "IV": "0.0053",
        "Nan Count": "52491",
        "Nan Rate": "0.7142",
        "PSI": "0.1789",
        "Variables": "v921",
        "WOE_shape": "NAN",
        "default_mean": "2.9335",
        "default_std": "0.6467",
        "max": "4.7199",
        "mean": "2.9013",
        "min": "0.0",
        "normal_mean": "2.9006",
        "normal_std": "0.6804",
        "std": "0.6797"
    },
    {
        "25%": "0.0",
        "50%": "0.0",
        "75%": "0.0",
        "IV": "0.007",
        "Nan Count": "39118",
        "Nan Rate": "0.5322",
        "PSI": "0.1018",
        "Variables": "v590",
        "WOE_shape": "NAN",
        "default_mean": "0.0071",
        "default_std": "0.0984",
        "max": "6.0",
        "mean": "0.0139",
        "min": "0.0",
        "normal_mean": "0.014",
        "normal_std": "0.1369",
        "std": "0.1362"
    },
    {
        "25%": "1.026",
        "50%": "1.026",
        "75%": "1.026",
        "IV": "0.0067",
        "Nan Count": "59947",
        "Nan Rate": "0.8156",
        "PSI": "0.1844",
        "Variables": "v970",
        "WOE_shape": "NAN",
        "default_mean": "1.0164",
        "default_std": "0.427",
        "max": "3.1135",
        "mean": "1.026",
        "min": "0.0",
        "normal_mean": "1.0262",
        "normal_std": "0.4362",
        "std": "0.436"
    },
    {
        "25%": "0.1201",
        "50%": "0.1201",
        "75%": "0.1201",
        "IV": "0.0101",
        "Nan Count": "62993",
        "Nan Rate": "0.857",
        "PSI": "0.0747",
        "Variables": "v498",
        "WOE_shape": "NAN",
        "default_mean": "0.1197",
        "default_std": "0.0443",
        "max": "0.8318",
        "mean": "0.1201",
        "min": "0.0",
        "normal_mean": "0.1201",
        "normal_std": "0.0576",
        "std": "0.0573"
    },
    {
        "25%": "0.0913",
        "50%": "0.0913",
        "75%": "0.0913",
        "IV": "0.0092",
        "Nan Count": "59558",
        "Nan Rate": "0.8103",
        "PSI": "0.1047",
        "Variables": "v350",
        "WOE_shape": "NAN",
        "default_mean": "0.0917",
        "default_std": "0.0455",
        "max": "0.8318",
        "mean": "0.0913",
        "min": "0.0",
        "normal_mean": "0.0913",
        "normal_std": "0.0515",
        "std": "0.0514"
    },
    {
        "25%": "0.0",
        "50%": "0.0",
        "75%": "0.0",
        "IV": "0.0086",
        "Nan Count": "16997",
        "Nan Rate": "0.2313",
        "PSI": "0.1125",
        "Variables": "v212",
        "WOE_shape": "NAN",
        "default_mean": "0.1154",
        "default_std": "0.3824",
        "max": "8.0",
        "mean": "0.1238",
        "min": "0.0",
        "normal_mean": "0.1239",
        "normal_std": "0.3849",
        "std": "0.3849"
    },
    {
        "25%": "0.1036",
        "50%": "0.1036",
        "75%": "0.1036",
        "IV": "0.0058",
        "Nan Count": "63435",
        "Nan Rate": "0.8631",
        "PSI": "0.0786",
        "Variables": "v080",
        "WOE_shape": "None",
        "default_mean": "0.1037",
        "default_std": "0.0529",
        "max": "0.9704",
        "mean": "0.1036",
        "min": "0.0011",
        "normal_mean": "0.1036",
        "normal_std": "0.0584",
        "std": "0.0583"
    },
    {
        "25%": "0.0",
        "50%": "0.0",
        "75%": "0.0",
        "IV": "0.0117",
        "Nan Count": "14095",
        "Nan Rate": "0.1918",
        "PSI": "0.1961",
        "Variables": "v989",
        "WOE_shape": "NAN",
        "default_mean": "0.0013",
        "default_std": "0.0509",
        "max": "8.0",
        "mean": "0.0016",
        "min": "0.0",
        "normal_mean": "0.0016",
        "normal_std": "0.083",
        "std": "0.0825"
    },
    {
        "25%": "2.3756",
        "50%": "2.5085",
        "75%": "2.5085",
        "IV": "0.0123",
        "Nan Count": "19791",
        "Nan Rate": "0.2693",
        "PSI": "0.158",
        "Variables": "v033",
        "WOE_shape": "U-shape",
        "default_mean": "2.3888",
        "default_std": "0.3163",
        "max": "2.5085",
        "mean": "2.3756",
        "min": "0.0",
        "normal_mean": "2.3753",
        "normal_std": "0.3652",
        "std": "0.3643"
    },
    {
        "25%": "0.0598",
        "50%": "0.0598",
        "75%": "0.0598",
        "IV": "0.0065",
        "Nan Count": "59568",
        "Nan Rate": "0.8104",
        "PSI": "0.105",
        "Variables": "v294",
        "WOE_shape": "NAN",
        "default_mean": "0.0596",
        "default_std": "0.0181",
        "max": "0.4852",
        "mean": "0.0598",
        "min": "0.0",
        "normal_mean": "0.0598",
        "normal_std": "0.0203",
        "std": "0.0202"
    },
    {
        "25%": "0.0",
        "50%": "0.0",
        "75%": "0.0",
        "IV": "0.0131",
        "Nan Count": "39118",
        "Nan Rate": "0.5322",
        "PSI": "0.1238",
        "Variables": "v275",
        "WOE_shape": "NAN",
        "default_mean": "0.2482",
        "default_std": "0.7824",
        "max": "12.0",
        "mean": "0.2005",
        "min": "0.0",
        "normal_mean": "0.1995",
        "normal_std": "0.6498",
        "std": "0.6529"
    },
    {
        "25%": "0.0",
        "50%": "0.0",
        "75%": "0.0",
        "IV": "0.0054",
        "Nan Count": "39118",
        "Nan Rate": "0.5322",
        "PSI": "0.2347",
        "Variables": "v953",
        "WOE_shape": "NAN",
        "default_mean": "0.0065",
        "default_std": "0.0803",
        "max": "6.0",
        "mean": "0.0156",
        "min": "0.0",
        "normal_mean": "0.0158",
        "normal_std": "0.1471",
        "std": "0.146"
    },
    {
        "25%": "1.2891",
        "50%": "1.2891",
        "75%": "1.2891",
        "IV": "0.0135",
        "Nan Count": "52491",
        "Nan Rate": "0.7142",
        "PSI": "0.2088",
        "Variables": "v176",
        "WOE_shape": "NAN",
        "default_mean": "1.3005",
        "default_std": "0.2747",
        "max": "1.7394",
        "mean": "1.2891",
        "min": "0.0",
        "normal_mean": "1.2889",
        "normal_std": "0.2625",
        "std": "0.2628"
    },
    {
        "25%": "6.7326",
        "50%": "6.7326",
        "75%": "6.7326",
        "IV": "0.0058",
        "Nan Count": "63640",
        "Nan Rate": "0.8659",
        "PSI": "0.0751",
        "Variables": "v925",
        "WOE_shape": "NAN",
        "default_mean": "6.747",
        "default_std": "0.7829",
        "max": "8.8498",
        "mean": "6.7326",
        "min": "0.0",
        "normal_mean": "6.7323",
        "normal_std": "0.792",
        "std": "0.7918"
    },
    {
        "25%": "0.2484",
        "50%": "0.2484",
        "75%": "0.2484",
        "IV": "0.015",
        "Nan Count": "65649",
        "Nan Rate": "0.8932",
        "PSI": "0.054",
        "Variables": "v381",
        "WOE_shape": "NAN",
        "default_mean": "0.2468",
        "default_std": "0.0388",
        "max": "0.4159",
        "mean": "0.2484",
        "min": "0.0",
        "normal_mean": "0.2484",
        "normal_std": "0.0424",
        "std": "0.0424"
    },
    {
        "25%": "0.236",
        "50%": "0.236",
        "75%": "0.236",
        "IV": "0.0301",
        "Nan Count": "64900",
        "Nan Rate": "0.883",
        "PSI": "0.059",
        "Variables": "v577",
        "WOE_shape": "NAN",
        "default_mean": "0.2303",
        "default_std": "0.0765",
        "max": "1.317",
        "mean": "0.236",
        "min": "0.0066",
        "normal_mean": "0.2361",
        "normal_std": "0.0931",
        "std": "0.0928"
    },
    {
        "25%": "0.5225",
        "50%": "0.5225",
        "75%": "0.5225",
        "IV": "0.0081",
        "Nan Count": "39463",
        "Nan Rate": "0.5369",
        "PSI": "0.1989",
        "Variables": "v678",
        "WOE_shape": "NAN",
        "default_mean": "0.5179",
        "default_std": "0.3822",
        "max": "5.3452",
        "mean": "0.5225",
        "min": "0.0",
        "normal_mean": "0.5226",
        "normal_std": "0.3719",
        "std": "0.3721"
    }
]